OverTime,AttritionRate
No,10.436432637571158
Yes,30.528846153846157
