JobRole,AttritionRate
Sales Representative,39.75903614457831
Laboratory Technician,23.93822393822394
Human Resources,23.076923076923077
Sales Executive,17.484662576687114
Research Scientist,16.095890410958905
Manufacturing Director,6.896551724137931
Healthcare Representative,6.870229007633588
Manager,4.901960784313726
Research Director,2.5
